{
  "name": "Adonis",
  "tree": {
    "$className": "DataModel",

    "ServerScriptService": {
      "$className": "ServerScriptService",

      "Adonis_Rojo": {
        "$className": "Folder",
        "MainModule": {
          "$path": "MainModule"
        },

        "LICENSE": {
          "$path": "LICENSE.lua"
        },
        
        "Adonis_Loader": {
          "$className": "Model",
          "$path": "Loader",

          "LICENSE": {
            "$path": "LICENSE.lua"
          }
        }
      }
    }
  }
}